id,class
TEST_000,A
TEST_001,A
TEST_002,A
TEST_003,A
TEST_004,A
TEST_005,A
TEST_006,A
TEST_007,A
TEST_008,A
TEST_009,A
TEST_010,A
TEST_011,A
TEST_012,A
TEST_013,A
TEST_014,A
TEST_015,A
TEST_016,A
TEST_017,A
TEST_018,A
TEST_019,A
TEST_020,A
TEST_021,A
TEST_022,A
TEST_023,A
TEST_024,A
TEST_025,A
TEST_026,A
TEST_027,A
TEST_028,A
TEST_029,A
TEST_030,A
TEST_031,A
TEST_032,A
TEST_033,A
TEST_034,A
TEST_035,A
TEST_036,A
TEST_037,A
TEST_038,A
TEST_039,A
TEST_040,A
TEST_041,A
TEST_042,A
TEST_043,A
TEST_044,A
TEST_045,A
TEST_046,A
TEST_047,A
TEST_048,A
TEST_049,A
TEST_050,A
TEST_051,A
TEST_052,A
TEST_053,A
TEST_054,A
TEST_055,A
TEST_056,A
TEST_057,A
TEST_058,A
TEST_059,A
TEST_060,A
TEST_061,A
TEST_062,A
TEST_063,A
TEST_064,A
TEST_065,A
TEST_066,A
TEST_067,A
TEST_068,A
TEST_069,A
TEST_070,A
TEST_071,A
TEST_072,A
TEST_073,A
TEST_074,A
TEST_075,A
TEST_076,A
TEST_077,A
TEST_078,A
TEST_079,A
TEST_080,A
TEST_081,A
TEST_082,A
TEST_083,A
TEST_084,A
TEST_085,A
TEST_086,A
TEST_087,A
TEST_088,A
TEST_089,A
TEST_090,A
TEST_091,A
TEST_092,A
TEST_093,A
TEST_094,A
TEST_095,A
TEST_096,A
TEST_097,A
TEST_098,A
TEST_099,A
TEST_100,A
TEST_101,A
TEST_102,A
TEST_103,A
TEST_104,A
TEST_105,A
TEST_106,A
TEST_107,A
TEST_108,A
TEST_109,A
TEST_110,A
TEST_111,A
TEST_112,A
TEST_113,A
TEST_114,A
TEST_115,A
TEST_116,A
TEST_117,A
TEST_118,A
TEST_119,A
TEST_120,A
TEST_121,A
TEST_122,A
TEST_123,A
TEST_124,A
TEST_125,A
TEST_126,A
TEST_127,A
TEST_128,A
TEST_129,A
TEST_130,A
TEST_131,A
TEST_132,A
TEST_133,A
TEST_134,A
TEST_135,A
TEST_136,A
TEST_137,A
TEST_138,A
TEST_139,A
TEST_140,A
TEST_141,A
TEST_142,A
TEST_143,A
TEST_144,A
TEST_145,A
TEST_146,A
TEST_147,A
TEST_148,A
TEST_149,A
TEST_150,A
TEST_151,A
TEST_152,A
TEST_153,A
TEST_154,A
TEST_155,A
TEST_156,A
TEST_157,A
TEST_158,A
TEST_159,A
TEST_160,A
TEST_161,A
TEST_162,A
TEST_163,A
TEST_164,A
TEST_165,A
TEST_166,A
TEST_167,A
TEST_168,A
TEST_169,A
TEST_170,A
TEST_171,A
TEST_172,A
TEST_173,A
TEST_174,A
